Id,ProductId,UserId,ProfileName,Score,Summary,Text
1,P1,U1,User1,2,Not good,Very disappointed. Will not buy again.
2,P2,U2,User2,3,Great product,I loved it! Highly recommended.
3,P3,U3,User3,4,Not good,Very disappointed. Will not buy again.
4,P4,U4,User4,5,Great product,I loved it! Highly recommended.
5,P5,U5,User5,1,Not good,Very disappointed. Will not buy again.
6,P6,U6,User6,2,Great product,I loved it! Highly recommended.
7,P7,U7,User7,3,Not good,Very disappointed. Will not buy again.
8,P8,U8,User8,4,Great product,I loved it! Highly recommended.
9,P9,U9,User9,5,Not good,Very disappointed. Will not buy again.
10,P0,U10,User10,1,Great product,I loved it! Highly recommended.
11,P1,U11,User11,2,Not good,Very disappointed. Will not buy again.
12,P2,U12,User12,3,Great product,I loved it! Highly recommended.
13,P3,U13,User13,4,Not good,Very disappointed. Will not buy again.
14,P4,U14,User14,5,Great product,I loved it! Highly recommended.
15,P5,U15,User15,1,Not good,Very disappointed. Will not buy again.
16,P6,U16,User16,2,Great product,I loved it! Highly recommended.
17,P7,U17,User17,3,Not good,Very disappointed. Will not buy again.
18,P8,U18,User18,4,Great product,I loved it! Highly recommended.
19,P9,U19,User19,5,Not good,Very disappointed. Will not buy again.
20,P0,U20,User20,1,Great product,I loved it! Highly recommended.
21,P1,U21,User21,2,Not good,Very disappointed. Will not buy again.
22,P2,U22,User22,3,Great product,I loved it! Highly recommended.
23,P3,U23,User23,4,Not good,Very disappointed. Will not buy again.
24,P4,U24,User24,5,Great product,I loved it! Highly recommended.
25,P5,U25,User25,1,Not good,Very disappointed. Will not buy again.
26,P6,U26,User26,2,Great product,I loved it! Highly recommended.
27,P7,U27,User27,3,Not good,Very disappointed. Will not buy again.
28,P8,U28,User28,4,Great product,I loved it! Highly recommended.
29,P9,U29,User29,5,Not good,Very disappointed. Will not buy again.
30,P0,U30,User30,1,Great product,I loved it! Highly recommended.
31,P1,U31,User31,2,Not good,Very disappointed. Will not buy again.
32,P2,U32,User32,3,Great product,I loved it! Highly recommended.
33,P3,U33,User33,4,Not good,Very disappointed. Will not buy again.
34,P4,U34,User34,5,Great product,I loved it! Highly recommended.
35,P5,U35,User35,1,Not good,Very disappointed. Will not buy again.
36,P6,U36,User36,2,Great product,I loved it! Highly recommended.
37,P7,U37,User37,3,Not good,Very disappointed. Will not buy again.
38,P8,U38,User38,4,Great product,I loved it! Highly recommended.
39,P9,U39,User39,5,Not good,Very disappointed. Will not buy again.
40,P0,U40,User40,1,Great product,I loved it! Highly recommended.
41,P1,U41,User41,2,Not good,Very disappointed. Will not buy again.
42,P2,U42,User42,3,Great product,I loved it! Highly recommended.
43,P3,U43,User43,4,Not good,Very disappointed. Will not buy again.
44,P4,U44,User44,5,Great product,I loved it! Highly recommended.
45,P5,U45,User45,1,Not good,Very disappointed. Will not buy again.
46,P6,U46,User46,2,Great product,I loved it! Highly recommended.
47,P7,U47,User47,3,Not good,Very disappointed. Will not buy again.
48,P8,U48,User48,4,Great product,I loved it! Highly recommended.
49,P9,U49,User49,5,Not good,Very disappointed. Will not buy again.
50,P0,U50,User50,1,Great product,I loved it! Highly recommended.
51,P1,U51,User51,2,Not good,Very disappointed. Will not buy again.
52,P2,U52,User52,3,Great product,I loved it! Highly recommended.
53,P3,U53,User53,4,Not good,Very disappointed. Will not buy again.
54,P4,U54,User54,5,Great product,I loved it! Highly recommended.
55,P5,U55,User55,1,Not good,Very disappointed. Will not buy again.
56,P6,U56,User56,2,Great product,I loved it! Highly recommended.
57,P7,U57,User57,3,Not good,Very disappointed. Will not buy again.
58,P8,U58,User58,4,Great product,I loved it! Highly recommended.
59,P9,U59,User59,5,Not good,Very disappointed. Will not buy again.
60,P0,U60,User60,1,Great product,I loved it! Highly recommended.
61,P1,U61,User61,2,Not good,Very disappointed. Will not buy again.
62,P2,U62,User62,3,Great product,I loved it! Highly recommended.
63,P3,U63,User63,4,Not good,Very disappointed. Will not buy again.
64,P4,U64,User64,5,Great product,I loved it! Highly recommended.
65,P5,U65,User65,1,Not good,Very disappointed. Will not buy again.
66,P6,U66,User66,2,Great product,I loved it! Highly recommended.
67,P7,U67,User67,3,Not good,Very disappointed. Will not buy again.
68,P8,U68,User68,4,Great product,I loved it! Highly recommended.
69,P9,U69,User69,5,Not good,Very disappointed. Will not buy again.
70,P0,U70,User70,1,Great product,I loved it! Highly recommended.
71,P1,U71,User71,2,Not good,Very disappointed. Will not buy again.
72,P2,U72,User72,3,Great product,I loved it! Highly recommended.
73,P3,U73,User73,4,Not good,Very disappointed. Will not buy again.
74,P4,U74,User74,5,Great product,I loved it! Highly recommended.
75,P5,U75,User75,1,Not good,Very disappointed. Will not buy again.
76,P6,U76,User76,2,Great product,I loved it! Highly recommended.
77,P7,U77,User77,3,Not good,Very disappointed. Will not buy again.
78,P8,U78,User78,4,Great product,I loved it! Highly recommended.
79,P9,U79,User79,5,Not good,Very disappointed. Will not buy again.
80,P0,U80,User80,1,Great product,I loved it! Highly recommended.
81,P1,U81,User81,2,Not good,Very disappointed. Will not buy again.
82,P2,U82,User82,3,Great product,I loved it! Highly recommended.
83,P3,U83,User83,4,Not good,Very disappointed. Will not buy again.
84,P4,U84,User84,5,Great product,I loved it! Highly recommended.
85,P5,U85,User85,1,Not good,Very disappointed. Will not buy again.
86,P6,U86,User86,2,Great product,I loved it! Highly recommended.
87,P7,U87,User87,3,Not good,Very disappointed. Will not buy again.
88,P8,U88,User88,4,Great product,I loved it! Highly recommended.
89,P9,U89,User89,5,Not good,Very disappointed. Will not buy again.
90,P0,U90,User90,1,Great product,I loved it! Highly recommended.
91,P1,U91,User91,2,Not good,Very disappointed. Will not buy again.
92,P2,U92,User92,3,Great product,I loved it! Highly recommended.
93,P3,U93,User93,4,Not good,Very disappointed. Will not buy again.
94,P4,U94,User94,5,Great product,I loved it! Highly recommended.
95,P5,U95,User95,1,Not good,Very disappointed. Will not buy again.
96,P6,U96,User96,2,Great product,I loved it! Highly recommended.
97,P7,U97,User97,3,Not good,Very disappointed. Will not buy again.
98,P8,U98,User98,4,Great product,I loved it! Highly recommended.
99,P9,U99,User99,5,Not good,Very disappointed. Will not buy again.
100,P0,U100,User100,1,Great product,I loved it! Highly recommended.
